Workbook

Sheet MSCI标的-2024半年度
A1: 证券简称 | B1: 证券代码 | C1: 行业 | E1: 分类 | F1: 价格[0918] | G1: 流通市值[0918] | H1: ROIC中位数 | I1: ROIC方差 | J1: 走势详情
A2: 重庆啤酒 | B2: 600132 | C2: 食品饮料-饮料制造-啤酒 | D2: =VLOOKUP(B2,'19年结果'!B:C,2,FALSE) -> #N/A | E2: 必选消费 | F2: 51.39 | G2: 248.7128 | H2: 20.64 | I2: 138.1721 | J2: =CONCATENATE("https://gushitong.baidu.com/stock/ab-",B2) -> https://gushitong.baidu.com/stock/ab-600132
A3: 山西汾酒 | B3: 600809 | C3: 食品饮料-白酒-白酒Ⅲ | D3: =VLOOKUP(B3,'19年结果'!B:C,2,FALSE) -> #N/A | E3: 必选消费 | F3: 147.79 | G3: 1802.9851 | H3: 9.62 | I3: 36.2959 | J3: =CONCATENATE("https://gushitong.baidu.com/stock/ab-",B3) -> https://gushitong.baidu.com/stock/ab-600809
A4: 万泰生物 | B4: 603392 | C4: 医药生物-生物制品-疫苗 | D4: =VLOOKUP(B4,'19年结果'!B:C,2,FALSE) -> #N/A | E4: 医疗 | F4: 68.61 | G4: 868.00074 | H4: 9.16 | I4: 48.5245 | J4: =CONCATENATE("https://gushitong.baidu.com/stock/ab-",B4) -> https://gushitong.baidu.com/stock/ab-603392
A5: 迈瑞医疗 | B5: 300760 | C5: 医药生物-医疗器械-医疗设备 | D5: =VLOOKUP(B5,'19年结果'!B:C,2,FALSE) -> #N/A | E5: 医疗 | F5: 228.07 | G5: 2765.2129 | H5: 9.04 | I5: 4.9761 | J5: =CONCATENATE("https://gushitong.baidu.com/stock/ab-",B5) -> https://gushitong.baidu.com/stock/ab-300760
A6: 水井坊 | B6: 600779 | C6: 食品饮料-白酒-白酒Ⅲ | D6: =VLOOKUP(B6,'19年结果'!B:C,2,FALSE) -> #N/A | E6: 必选消费 | F6: 31.01 | G6: 151.44087 | H6: 7.8 | I6: 85.2078 | J6: =CONCATENATE("https://gushitong.baidu.com/stock/ab-",B6) -> https://gushitong.baidu.com/stock/ab-600779
A7: 智飞生物 | B7: 300122 | C7: 医药生物-生物制品-疫苗 | D7: =VLOOKUP(B7,'19年结果'!B:C,2,FALSE) -> #N/A | E7: 医疗 | F7: 20.65 | G7: 292.05464 | H7: 7.66 | I7: 38.8521 | J7: =CONCATENATE("https://gushitong.baidu.com/stock/ab-",B7) -> https://gushitong.baidu.com/stock/ab-300122
A8: 大全能源 | B8: 688303 | C8: 电力设备-光伏设备-硅料硅片 | D8: =VLOOKUP(B8,'19年结果'!B:C,2,FALSE) -> #N/A | E8: 工业 | F8: 19.28 | G8: 106.50999 | H8: 7.62 | I8: 54.3253 | J8: =CONCATENATE("https://gushitong.baidu.com/stock/ab-",B8) -> https://gushitong.baidu.com/stock/ab-688303
A9: 贵州茅台 | B9: 600519 | C9: 食品饮料-白酒-白酒Ⅲ | D9: =VLOOKUP(B9,'19年结果'!B:C,2,FALSE) -> #N/A | E9: 必选消费 | F9: 1266.9 | G9: 15914.77 | H9: 7.6 | I9: 1.3797 | J9: =CONCATENATE("https://gushitong.baidu.com/stock/ab-",B9) -> https://gushitong.baidu.com/stock/ab-600519
A10: 健帆生物 | B10: 300529 | C10: 医药生物-医疗器械-医疗耗材 | D10: =VLOOKUP(B10,'19年结果'!B:C,2,FALSE) -> #N/A | E10: 医疗 | F10: 24.9 | G10: 127.60956 | H10: 7.43 | I10: 10.219 | J10: =CONCATENATE("https://gushitong.baidu.com/stock/ab-",B10) -> https://gushitong.baidu.com/stock/ab-300529
A11: 亿联网络 | B11: 300628 | C11: 通信-通信设备-通信终端及配件 | D11: =VLOOKUP(B11,'19年结果'!B:C,2,FALSE) -> #N/A | E11: 信息技术 | F11: 34.98 | G11: 252.92761 | H11: 7.29 | I11: 1.8425 | J11: =CONCATENATE("https://gushitong.baidu.com/stock/ab-",B11) -> https://gushitong.baidu.com/stock/ab-300628
A12: 伟星新材 | B12: 002372 | C12: 建筑材料-建筑材料-管材 | D12: =VLOOKUP(B12,'19年结果'!B:C,2,FALSE) -> #N/A | E12: 房地产 | F12: 10.59 | G12: 155.76387 | H12: 7.28 | I12: 9.3327 | J12: =CONCATENATE("https://gushitong.baidu.com/stock/ab-",B12) -> https://gushitong.baidu.com/stock/ab-002372
A13: 公牛集团 | B13: 603195 | C13: 轻工制造-家居用品-其他家居用品 | D13: =VLOOKUP(B13,'19年结果'!B:C,2,FALSE) -> #N/A | E13: 必选消费 | F13: 64.56 | G13: 830.53963 | H13: 7.05 | I13: 2.9084 | J13: =CONCATENATE("https://gushitong.baidu.com/stock/ab-",B13) -> https://gushitong.baidu.com/stock/ab-603195
... A478: 百济神州 | B478: 688235 | C478: 医药生物-化学制药-化学制剂 | D478: =VLOOKUP(B478,'19年结果'!B:C,2,FALSE) -> #N/A | E478: 医疗 | F478: 154.35 | G478: 177.58779 | H478: -8.64 | I478: 18.5586 | J478: =CONCATENATE("https://gushitong.baidu.com/stock/ab-",B478) -> https://gushitong.baidu.com/stock/ab-688235

Sheet MSCI最终筛选标的-2024半年度 -备份呢
A1: 证券简称 | B1: 证券代码 | C1: 行业 | E1: 分类 | F1: 价格[0918] | G1: 流通市值[0918] | H1: ROIC中位数 | I1: ROIC方差 | J1: 走势详情
A2: 重庆啤酒 | B2: 600132 | C2: 食品饮料-饮料制造-啤酒 | D2: =VLOOKUP(B2,'19年结果'!B:C,2,FALSE) -> #N/A | E2: 必选消费 | F2: 51.39 | G2: 248.7128 | H2: 20.64 | I2: 138.1721 | J2: =CONCATENATE("https://gushitong.baidu.com/stock/ab-",B2) -> https://gushitong.baidu.com/stock/ab-600132
A3: 山西汾酒 | B3: 600809 | C3: 食品饮料-白酒-白酒Ⅲ | D3: =VLOOKUP(B3,'19年结果'!B:C,2,FALSE) -> #N/A | E3: 必选消费 | F3: 147.79 | G3: 1802.9851 | H3: 9.62 | I3: 36.2959 | J3: =CONCATENATE("https://gushitong.baidu.com/stock/ab-",B3) -> https://gushitong.baidu.com/stock/ab-600809
A4: 万泰生物 | B4: 603392 | C4: 医药生物-生物制品-疫苗 | D4: =VLOOKUP(B4,'19年结果'!B:C,2,FALSE) -> #N/A | E4: 医疗 | F4: 68.61 | G4: 868.00074 | H4: 9.16 | I4: 48.5245 | J4: =CONCATENATE("https://gushitong.baidu.com/stock/ab-",B4) -> https://gushitong.baidu.com/stock/ab-603392
A5: 迈瑞医疗 | B5: 300760 | C5: 医药生物-医疗器械-医疗设备 | D5: =VLOOKUP(B5,'19年结果'!B:C,2,FALSE) -> #N/A | E5: 医疗 | F5: 228.07 | G5: 2765.2129 | H5: 9.04 | I5: 4.9761 | J5: =CONCATENATE("https://gushitong.baidu.com/stock/ab-",B5) -> https://gushitong.baidu.com/stock/ab-300760
A6: 水井坊 | B6: 600779 | C6: 食品饮料-白酒-白酒Ⅲ | D6: =VLOOKUP(B6,'19年结果'!B:C,2,FALSE) -> #N/A | E6: 必选消费 | F6: 31.01 | G6: 151.44087 | H6: 7.8 | I6: 85.2078 | J6: =CONCATENATE("https://gushitong.baidu.com/stock/ab-",B6) -> https://gushitong.baidu.com/stock/ab-600779
A7: 智飞生物 | B7: 300122 | C7: 医药生物-生物制品-疫苗 | D7: =VLOOKUP(B7,'19年结果'!B:C,2,FALSE) -> #N/A | E7: 医疗 | F7: 20.65 | G7: 292.05464 | H7: 7.66 | I7: 38.8521 | J7: =CONCATENATE("https://gushitong.baidu.com/stock/ab-",B7) -> https://gushitong.baidu.com/stock/ab-300122
A8: 大全能源 | B8: 688303 | C8: 电力设备-光伏设备-硅料硅片 | D8: =VLOOKUP(B8,'19年结果'!B:C,2,FALSE) -> #N/A | E8: 工业 | F8: 19.28 | G8: 106.50999 | H8: 7.62 | I8: 54.3253 | J8: =CONCATENATE("https://gushitong.baidu.com/stock/ab-",B8) -> https://gushitong.baidu.com/stock/ab-688303
A9: 贵州茅台 | B9: 600519 | C9: 食品饮料-白酒-白酒Ⅲ | D9: =VLOOKUP(B9,'19年结果'!B:C,2,FALSE) -> #N/A | E9: 必选消费 | F9: 1266.9 | G9: 15914.77 | H9: 7.6 | I9: 1.3797 | J9: =CONCATENATE("https://gushitong.baidu.com/stock/ab-",B9) -> https://gushitong.baidu.com/stock/ab-600519
A10: 健帆生物 | B10: 300529 | C10: 医药生物-医疗器械-医疗耗材 | D10: =VLOOKUP(B10,'19年结果'!B:C,2,FALSE) -> #N/A | E10: 医疗 | F10: 24.9 | G10: 127.60956 | H10: 7.43 | I10: 10.219 | J10: =CONCATENATE("https://gushitong.baidu.com/stock/ab-",B10) -> https://gushitong.baidu.com/stock/ab-300529
A11: 亿联网络 | B11: 300628 | C11: 通信-通信设备-通信终端及配件 | D11: =VLOOKUP(B11,'19年结果'!B:C,2,FALSE) -> #N/A | E11: 信息技术 | F11: 34.98 | G11: 252.92761 | H11: 7.29 | I11: 1.8425 | J11: =CONCATENATE("https://gushitong.baidu.com/stock/ab-",B11) -> https://gushitong.baidu.com/stock/ab-300628
A12: 伟星新材 | B12: 002372 | C12: 建筑材料-建筑材料-管材 | D12: =VLOOKUP(B12,'19年结果'!B:C,2,FALSE) -> #N/A | E12: 房地产 | F12: 10.59 | G12: 155.76387 | H12: 7.28 | I12: 9.3327 | J12: =CONCATENATE("https://gushitong.baidu.com/stock/ab-",B12) -> https://gushitong.baidu.com/stock/ab-002372
A13: 公牛集团 | B13: 603195 | C13: 轻工制造-家居用品-其他家居用品 | D13: =VLOOKUP(B13,'19年结果'!B:C,2,FALSE) -> #N/A | E13: 必选消费 | F13: 64.56 | G13: 830.53963 | H13: 7.05 | I13: 2.9084 | J13: =CONCATENATE("https://gushitong.baidu.com/stock/ab-",B13) -> https://gushitong.baidu.com/stock/ab-603195
... A478: 百济神州 | B478: 688235 | C478: 医药生物-化学制药-化学制剂 | D478: =VLOOKUP(B478,'19年结果'!B:C,2,FALSE) -> #N/A | E478: 医疗 | F478: 154.35 | G478: 177.58779 | H478: -8.64 | I478: 18.5586 | J478: =CONCATENATE("https://gushitong.baidu.com/stock/ab-",B478) -> https://gushitong.baidu.com/stock/ab-688235

Sheet 2024半年度-ROIC选股结果 
A1: 证券简称 | B1: 证券代码 | C1: 行业 | E1: 分类 | F1: 价格[0918] | G1: 流通市值[0918] | H1: ROIC中位数 | I1: ROIC方差 | J1: 走势详情
A2: 贵州茅台 | B2: 600519 | C2: 食品饮料-白酒-白酒Ⅲ | D2: =VLOOKUP(B2,'19年结果'!B:C,2,FALSE) -> #N/A | E2: 必选消费 | F2: 1266.9 | G2: 15914.77 | H2: 7.6 | I2: 1.3797 | J2: =CONCATENATE("https://gushitong.baidu.com/stock/ab-",B2) -> https://gushitong.baidu.com/stock/ab-600519
A3: 亿联网络 | B3: 300628 | C3: 通信-通信设备-通信终端及配件 | D3: =VLOOKUP(B3,'19年结果'!B:C,2,FALSE) -> #N/A | E3: 信息技术 | F3: 34.98 | G3: 252.92761 | H3: 7.29 | I3: 1.8425 | J3: =CONCATENATE("https://gushitong.baidu.com/stock/ab-",B3) -> https://gushitong.baidu.com/stock/ab-300628
A4: 泸州老窖 | B4: 000568 | C4: 食品饮料-白酒-白酒Ⅲ | D4: =VLOOKUP(B4,'19年结果'!B:C,2,FALSE) -> #N/A | E4: 必选消费 | F4: 100.02 | G4: 1467.4343 | H4: 6.96 | I4: 1.6021 | J4: =CONCATENATE("https://gushitong.baidu.com/stock/ab-",B4) -> https://gushitong.baidu.com/stock/ab-000568
A5: 法拉电子 | B5: 600563 | C5: 电子-元件-被动元件 | D5: =VLOOKUP(B5,'19年结果'!B:C,2,FALSE) -> #N/A | E5: 信息技术 | F5: 84.37 | G5: 189.8325 | H5: 5.92 | I5: 1.2579 | J5: =CONCATENATE("https://gushitong.baidu.com/stock/ab-",B5) -> https://gushitong.baidu.com/stock/ab-600563
A6: 片仔癀 | B6: 600436 | C6: 医药生物-中药-中药Ⅲ | D6: =VLOOKUP(B6,'19年结果'!B:C,2,FALSE) -> #N/A | E6: 医疗 | F6: 193.5 | G6: 1167.4188 | H6: 5.86 | I6: 2.0427 | J6: =CONCATENATE("https://gushitong.baidu.com/stock/ab-",B6) -> https://gushitong.baidu.com/stock/ab-600436
A7: 口子窖 | B7: 603589 | C7: 食品饮料-白酒-白酒Ⅲ | D7: =VLOOKUP(B7,'19年结果'!B:C,2,FALSE) -> #N/A | E7: 必选消费 | F7: 34.8 | G7: 208.14558 | H7: 5.55 | I7: 1.5514 | J7: =CONCATENATE("https://gushitong.baidu.com/stock/ab-",B7) -> https://gushitong.baidu.com/stock/ab-603589
A8: 新产业 | B8: 300832 | C8: 医药生物-医疗器械-体外诊断 | D8: =VLOOKUP(B8,'19年结果'!B:C,2,FALSE) -> #N/A | E8: 医疗 | F8: 69.86 | G8: 475.19298 | H8: 5.445 | I8: 1.5009 | J8: =CONCATENATE("https://gushitong.baidu.com/stock/ab-",B8) -> https://gushitong.baidu.com/stock/ab-300832
A9: 宝信软件 | B9: 600845 | C9: 计算机-IT服务-IT服务Ⅲ | D9: =VLOOKUP(B9,'19年结果'!B:C,2,FALSE) -> 信息技术 | E9: 信息技术 | F9: 29.37 | G9: 622.983 | H9: 5.25 | I9: 0.6881 | J9: =CONCATENATE("https://gushitong.baidu.com/stock/ab-",B9) -> https://gushitong.baidu.com/stock/ab-600845
A10: 晨光股份 | B10: 603899 | C10: 轻工制造-家居用品-文娱用品 | D10: =VLOOKUP(B10,'19年结果'!B:C,2,FALSE) -> #N/A | E10: 可选消费 | F10: 25.28 | G10: 233.54382 | H10: 5.24 | I10: 2.1007 | J10: =CONCATENATE("https://gushitong.baidu.com/stock/ab-",B10) -> https://gushitong.baidu.com/stock/ab-603899
A11: 珀莱雅 | B11: 603605 | C11: 美容护理-美容护理-化妆品 | D11: =VLOOKUP(B11,'19年结果'!B:C,2,FALSE) -> 可选消费 | E11: 可选消费 | F11: 85.94 | G11: 339.29143 | H11: 5.03 | I11: 2.235 | J11: =CONCATENATE("https://gushitong.baidu.com/stock/ab-",B11) -> https://gushitong.baidu.com/stock/ab-603605
A12: 汇川技术 | B12: 300124 | C12: 机械设备-自动化设备-工控设备 | D12: =VLOOKUP(B12,'19年结果'!B:C,2,FALSE) -> #N/A | E12: 工业 | F12: 43.86 | G12: 994.35176 | H12: 4.96 | I12: 1.6424 | J12: =CONCATENATE("https://gushitong.baidu.com/stock/ab-",B12) -> https://gushitong.baidu.com/stock/ab-300124
A13: 济川药业 | B13: 600566 | C13: 医药生物-中药-中药Ⅲ | D13: =VLOOKUP(B13,'19年结果'!B:C,2,FALSE) -> #N/A | E13: 医疗 | F13: 24.46 | G13: 223.992 | H13: 4.86 | I13: 0.855 | J13: =CONCATENATE("https://gushitong.baidu.com/stock/ab-",B13) -> https://gushitong.baidu.com/stock/ab-600566
... A119: 时代电气 | B119: 688187 | C119: 机械设备-轨交设备-轨交设备Ⅲ | D119: =VLOOKUP(B119,'19年结果'!B:C,2,FALSE) -> #N/A | E119: 工业 | F119: 43.25 | G119: 120.80668 | H119: 1.99 | I119: 0.634 | J119: =CONCATENATE("https://gushitong.baidu.com/stock/ab-",B119) -> https://gushitong.baidu.com/stock/ab-688187

Sheet 19年结果
A1: 证券简称 | B1: 证券代码 | C1: 所属行业 | D1: ROIC中位数 | E1: ROIC方差
A2: 洋河股份 | B2: 002304 | C2: 必选消费 | D2: 0.1659 | E2: 18.5619
A3: 今世缘 | B3: 603369 | C3: 必选消费 | D3: 0.1526 | E3: 15.599
A4: 五 粮 液 | B4: 000858 | C4: 必选消费 | D4: 0.1422 | E4: 22.324
A5: 通化东宝 | B5: 600867 | C5: 医疗 | D5: 0.1255 | E5: 22.3808
A6: 艾迪精密 | B6: 603638 | C6: 工业 | D6: 0.1255 | E6: 23.4201
A7: 扬农化工 | B7: 600486 | C7: 原材料 | D7: 0.123 | E7: 18.281
A8: 北大荒 | B8: 600598 | C8: 必选消费 | D8: 0.1224 | E8: 16.4614
A9: 古井贡酒 | B9: 000596 | C9: 必选消费 | D9: 0.1223 | E9: 22.3534
A10: 大参林 | B10: 603233 | C10: 医疗 | D10: 0.1158 | E10: 15.6422
A11: 光威复材 | B11: 300699 | C11: 工业 | D11: 0.1059 | E11: 20.2312
A12: 威孚高科 | B12: 000581 | C12: 可选消费 | D12: 0.0978 | E12: 16.0485
A13: 宏发股份 | B13: 600885 | C13: 公共事业 | D13: 0.0954 | E13: 18.1964
... A145: 亨通光电 | B145: 600487 | C145: 信息技术 | D145: 0.0468 | E145: 12.2474

Sheet 信息技术
A1: 证券简称 | B1: 证券代码 | C1: 行业 | D1: 分类 | E1: 价格[0918] | F1: 流通市值[0918] | G1: ROIC中位数 | H1: ROIC方差 | I1: 走势详情
A2: 亿联网络 | B2: 300628 | C2: 通信-通信设备-通信终端及配件 | D2: 信息技术 | E2: 34.98 | F2: 252.92761 | G2: 7.29 | H2: 1.8425 | I2: https://gushitong.baidu.com/stock/ab-300628
A3: 法拉电子 | B3: 600563 | C3: 电子-元件-被动元件 | D3: 信息技术 | E3: 84.37 | F3: 189.8325 | G3: 5.92 | H3: 1.2579 | I3: https://gushitong.baidu.com/stock/ab-600563
A4: 宝信软件 | B4: 600845 | C4: 计算机-IT服务-IT服务Ⅲ | D4: 信息技术 | E4: 29.37 | F4: 622.983 | G4: 5.25 | H4: 0.6881 | I4: https://gushitong.baidu.com/stock/ab-600845
A5: 安克创新 | B5: 300866 | C5: 电子-消费电子-品牌消费电子 | D5: 信息技术 | E5: 68.96 | F5: 204.39872 | G5: 4.36 | H5: 1.3292 | I5: https://gushitong.baidu.com/stock/ab-300866
A6: 中航光电 | B6: 002179 | C6: 国防军工-军工电子-军工电子Ⅲ | D6: 信息技术 | E6: 37.06 | F6: 764.81109 | G6: 4.14 | H6: 1.1862 | I6: https://gushitong.baidu.com/stock/ab-002179
A7: 德赛西威 | B7: 002920 | C7: 汽车-汽车零部件-汽车电子电气系统 | D7: 信息技术 | E7: 93.8 | F7: 517.31887 | G7: 4.14 | H7: 2.2034 | I7: https://gushitong.baidu.com/stock/ab-002920
A8: 沪电股份 | B8: 002463 | C8: 电子-元件-印制电路板 | D8: 信息技术 | E8: 33.42 | F8: 639.66444 | G8: 3.93 | H8: 1.4067 | I8: https://gushitong.baidu.com/stock/ab-002463
A9: 盛美上海 | B9: 688082 | C9: 电子-半导体-半导体设备 | D9: 信息技术 | E9: 81.2 | F9: 61.602211 | G9: 3.53 | H9: 1.9603 | I9: https://gushitong.baidu.com/stock/ab-688082
A10: 金山办公 | B10: 688111 | C10: 计算机-软件开发-横向通用软件 | D10: 信息技术 | E10: 183.82 | F10: 850.21464 | G10: 3.49 | H10: 0.5301 | I10: https://gushitong.baidu.com/stock/ab-688111
A11: 扬杰科技 | B11: 300373 | C11: 电子-半导体-分立器件 | D11: 信息技术 | E11: 33.66 | F11: 182.48697 | G11: 3.19 | H11: 1.0974 | I11: https://gushitong.baidu.com/stock/ab-300373
A12: 深南电路 | B12: 002916 | C12: 电子-元件-印制电路板 | D12: 信息技术 | E12: 96.64 | F12: 493.64875 | G12: 3.11 | H12: 0.9547 | I12: https://gushitong.baidu.com/stock/ab-002916
A13: 航天电器 | B13: 002025 | C13: 国防军工-军工电子-军工电子Ⅲ | D13: 信息技术 | E13: 43.3 | F13: 195.95893 | G13: 3.07 | H13: 0.4332 | I13: https://gushitong.baidu.com/stock/ab-002025
... A26: 中航重机 | B26: 600765 | C26: 国防军工-军工装备-航空装备 | D26: 信息技术 | E26: 16.15 | F26: 237.19159 | G26: 1.99 | H26: 0.7074 | I26: https://gushitong.baidu.com/stock/ab-600765

Sheet 可选消费
A1: 证券简称 | B1: 证券代码 | C1: 行业 | D1: 分类 | E1: 价格[0918] | F1: 流通市值[0918] | G1: ROIC中位数 | H1: ROIC方差 | I1: 走势详情
A2: 拓普集团 | B2: 601689 | C2: 汽车-汽车零部件-底盘与发动机系统 | D2: 可选消费 | E2: 35.6 | F2: 600.22495 | G2: 2.63 | H2: 0.3365 | I2: https://gushitong.baidu.com/stock/ab-601689
A3: 三花智控 | B3: 002050 | C3: 家用电器-白色家电-家电零部件 | D3: 可选消费 | E3: 17.5 | F3: 642.32876 | G3: 3.28 | H3: 0.42 | I3: https://gushitong.baidu.com/stock/ab-002050
A4: 安井食品 | B4: 603345 | C4: 食品饮料-食品加工制造-预加工食品 | D4: 可选消费 | E4: 70.05 | F4: 205.45261 | G4: 2.96 | H4: 0.6087 | I4: https://gushitong.baidu.com/stock/ab-603345
A5: 华域汽车 | B5: 600741 | C5: 汽车-汽车零部件-车身附件及饰件 | D5: 可选消费 | E5: 15.97 | F5: 503.49002 | G5: 2.5 | H5: 0.6745 | I5: https://gushitong.baidu.com/stock/ab-600741
A6: 海尔智家 | B6: 600690 | C6: 家用电器-白色家电-冰洗 | D6: 可选消费 | E6: 26.11 | F6: 1633.0502 | G6: 3.08 | H6: 0.7392 | I6: https://gushitong.baidu.com/stock/ab-600690
A7: 福耀玻璃 | B7: 600660 | C7: 汽车-汽车零部件-车身附件及饰件 | D7: 可选消费 | E7: 51.75 | F7: 1036.5454 | G7: 2.61 | H7: 0.7723 | I7: https://gushitong.baidu.com/stock/ab-600660
A8: 海澜之家 | B8: 600398 | C8: 纺织服饰-服装家纺-服装 | D8: 可选消费 | E8: 5.24 | F8: 251.66516 | G8: 3.62 | H8: 0.8897 | I8: https://gushitong.baidu.com/stock/ab-600398
A9: 美的集团 | B9: 000333 | C9: 家用电器-白色家电-空调 | D9: 可选消费 | E9: 65.25 | F9: 4488.2656 | G9: 3.78 | H9: 0.9086 | I9: https://gushitong.baidu.com/stock/ab-000333
A10: 安琪酵母 | B10: 600298 | C10: 食品饮料-食品加工制造-调味发酵品 | D10: 可选消费 | E10: 32.31 | F10: 276.08762 | G10: 2.87 | H10: 1.0345 | I10: https://gushitong.baidu.com/stock/ab-600298
A11: 华熙生物 | B11: 688363 | C11: 美容护理-美容护理-医疗美容 | D11: 可选消费 | E11: 44.97 | F11: 89.120755 | G11: 3.4 | H11: 1.0684 | I11: https://gushitong.baidu.com/stock/ab-688363
A12: 星宇股份 | B12: 601799 | C12: 汽车-汽车零部件-车身附件及饰件 | D12: 可选消费 | E12: 125.98 | F12: 359.89893 | G12: 3.5 | H12: 1.5023 | I12: https://gushitong.baidu.com/stock/ab-601799
A13: 格力电器 | B13: 000651 | C13: 家用电器-白色家电-空调 | D13: 可选消费 | E13: 40.52 | F13: 2247.0148 | G13: 3.91 | H13: 1.7498 | I13: https://gushitong.baidu.com/stock/ab-000651
... A46: 南方航空 | B46: 600029 | C46: 交通运输-机场航运-航空运输 | D46: 可选消费 | E46: 5.27 | F46: 667.88503 | G46: -1.82 | H46: 3.0521 | I46: https://gushitong.baidu.com/stock/ab-600029

Sheet 汽车
A1: 证券简称 | B1: 证券代码 | C1: 行业 | D1: 分类 | E1: 价格[0918] | F1: 流通市值[0918] | G1: ROIC中位数 | H1: ROIC方差 | I1: 走势详情
A2: 德赛西威 | B2: 002920 | C2: 汽车-汽车零部件-汽车电子电气系统 | D2: 信息技术 | E2: 93.8 | F2: 517.31887 | G2: 4.14 | H2: 2.2034 | I2: https://gushitong.baidu.com/stock/ab-002920
A3: 伯特利 | B3: 603596 | C3: 汽车-汽车零部件-底盘与发动机系统 | D3: 工业 | E3: 39.77 | F3: 240.72913 | G3: 3.7 | H3: 0.7678 | I3: https://gushitong.baidu.com/stock/ab-603596
A4: 星宇股份 | B4: 601799 | C4: 汽车-汽车零部件-车身附件及饰件 | D4: 可选消费 | E4: 125.98 | F4: 359.89893 | G4: 3.5 | H4: 1.5023 | I4: https://gushitong.baidu.com/stock/ab-601799
A5: 森麒麟 | B5: 002984 | C5: 汽车-汽车零部件-轮胎轮毂 | D5: 工业 | E5: 23.49 | F5: 164.19881 | G5: 2.74 | H5: 0.8174 | I5: https://gushitong.baidu.com/stock/ab-002984
A6: 拓普集团 | B6: 601689 | C6: 汽车-汽车零部件-底盘与发动机系统 | D6: 可选消费 | E6: 35.6 | F6: 600.22495 | G6: 2.63 | H6: 0.3365 | I6: https://gushitong.baidu.com/stock/ab-601689
A7: 福耀玻璃 | B7: 600660 | C7: 汽车-汽车零部件-车身附件及饰件 | D7: 可选消费 | E7: 51.75 | F7: 1036.5454 | G7: 2.61 | H7: 0.7723 | I7: https://gushitong.baidu.com/stock/ab-600660
A8: 华域汽车 | B8: 600741 | C8: 汽车-汽车零部件-车身附件及饰件 | D8: 可选消费 | E8: 15.97 | F8: 503.49002 | G8: 2.5 | H8: 0.6745 | I8: https://gushitong.baidu.com/stock/ab-600741
A9: 新泉股份 | B9: 603179 | C9: 汽车-汽车零部件-汽车电子电气系统 | D9: 工业 | E9: 38.88 | F9: 189.46316 | G9: 2.29 | H9: 0.5857 | I9: https://gushitong.baidu.com/stock/ab-603179
A10: 长城汽车 | B10: 601633 | C10: 汽车-汽车整车-乘用车 | D10: 工业 | E10: 23.88 | F10: 1475.2057 | G10: 2.17 | H10: 1.7736 | I10: https://gushitong.baidu.com/stock/ab-601633
A11: 赛轮轮胎 | B11: 601058 | C11: 汽车-汽车零部件-轮胎轮毂 | D11: 可选消费 | E11: 13.9 | F11: 457.04594 | G11: 1.97 | H11: 1.0294 | I11: https://gushitong.baidu.com/stock/ab-601058
A12: 潍柴动力 | B12: 000338 | C12: 汽车-汽车零部件-底盘与发动机系统 | D12: 工业 | E12: 12.03 | F12: 597.79028 | G12: 1.84 | H12: 0.473 | I12: https://gushitong.baidu.com/stock/ab-000338
A13: 宇通客车 | B13: 600066 | C13: 汽车-汽车整车-商用载客车 | D13: 工业 | E13: 22.98 | F13: 508.76323 | G13: 1.73 | H13: 5.0127 | I13: https://gushitong.baidu.com/stock/ab-600066
... A26: 北汽蓝谷 | B26: 600733 | C26: 汽车-汽车整车-乘用车 | D26: 工业 | E26: 6.49 | F26: 314.62989 | G26: -4.54 | H26: 9.3699 | I26: https://gushitong.baidu.com/stock/ab-600733

Sheet 半导体
A1: 证券简称 | B1: 证券代码 | C1: 行业 | D1: 分类 | E1: 价格[0918] | F1: 流通市值[0918] | G1: ROIC中位数 | H1: ROIC方差 | I1: 走势详情
A2: 卓胜微 | B2: 300782 | C2: 电子-半导体-模拟芯片设计 | D2: 信息技术 | E2: 59.1 | F2: 264.51419 | G2: 5.83 | H2: 20.8566 | I2: https://gushitong.baidu.com/stock/ab-300782
A3: 圣邦股份 | B3: 300661 | C3: 电子-半导体-模拟芯片设计 | D3: 信息技术 | E3: 68.1 | F3: 308.12699 | G3: 5.3 | H3: 11.218 | I3: https://gushitong.baidu.com/stock/ab-300661
A4: 紫光国微 | B4: 002049 | C4: 电子-半导体-数字芯片设计 | D4: 信息技术 | E4: 45.19 | F4: 383.87636 | G4: 5.01 | H4: 3.6558 | I4: https://gushitong.baidu.com/stock/ab-002049
A5: 斯达半导 | B5: 603290 | C5: 电子-半导体-分立器件 | D5: 信息技术 | E5: 68.05 | F5: 162.89366 | G5: 3.68 | H5: 2.4527 | I5: https://gushitong.baidu.com/stock/ab-603290
A6: 盛美上海 | B6: 688082 | C6: 电子-半导体-半导体设备 | D6: 信息技术 | E6: 81.2 | F6: 61.602211 | G6: 3.53 | H6: 1.9603 | I6: https://gushitong.baidu.com/stock/ab-688082
A7: 韦尔股份 | B7: 603501 | C7: 电子-半导体-数字芯片设计 | D7: 信息技术 | E7: 84.97 | F7: 1031.8986 | G7: 3.22 | H7: 6.0852 | I7: https://gushitong.baidu.com/stock/ab-603501
A8: 扬杰科技 | B8: 300373 | C8: 电子-半导体-分立器件 | D8: 信息技术 | E8: 33.66 | F8: 182.48697 | G8: 3.19 | H8: 1.0974 | I8: https://gushitong.baidu.com/stock/ab-300373
A9: 瑞芯微 | B9: 603893 | C9: 电子-半导体-数字芯片设计 | D9: 信息技术 | E9: 49.9 | F9: 208.62856 | G9: 2.97 | H9: 5.0676 | I9: https://gushitong.baidu.com/stock/ab-603893
A10: 北方华创 | B10: 002371 | C10: 电子-半导体-半导体设备 | D10: 信息技术 | E10: 294.68 | F10: 1568.4906 | G10: 2.95 | H10: 1.6885 | I10: https://gushitong.baidu.com/stock/ab-002371
A11: 晶晨股份 | B11: 688099 | C11: 电子-半导体-数字芯片设计 | D11: 信息技术 | E11: 50.23 | F11: 210.20954 | G11: 2.95 | H11: 7.049 | I11: https://gushitong.baidu.com/stock/ab-688099
A12: 澜起科技 | B12: 688008 | C12: 电子-半导体-数字芯片设计 | D12: 信息技术 | E12: 49.3 | F12: 563.27109 | G12: 2.82 | H12: 1.2572 | I12: https://gushitong.baidu.com/stock/ab-688008
A13: 兆易创新 | B13: 603986 | C13: 电子-半导体-数字芯片设计 | D13: 信息技术 | E13: 64.78 | F13: 430.6156 | G13: 2.76 | H13: 4.512 | I13: https://gushitong.baidu.com/stock/ab-603986
... A26: 寒武纪 | B26: 688256 | C26: 电子-半导体-数字芯片设计 | D26: 信息技术 | E26: 210.01 | F26: 876.70093 | G26: -3.96 | H26: 2.5224 | I26: https://gushitong.baidu.com/stock/ab-688256

Sheet 必选消费
A1: 证券简称 | B1: 证券代码 | C1: 行业 | D1: 分类 | E1: 价格[0918] | F1: 流通市值[0918] | G1: ROIC中位数 | H1: ROIC方差 | I1: 走势详情
A2: 重庆啤酒 | B2: 600132 | C2: 食品饮料-饮料制造-啤酒 | D2: 必选消费 | E2: 51.39 | F2: 248.7128 | G2: 20.64 | H2: 138.1721 | I2: https://gushitong.baidu.com/stock/ab-600132
A3: 山西汾酒 | B3: 600809 | C3: 食品饮料-白酒-白酒Ⅲ | D3: 必选消费 | E3: 147.79 | F3: 1802.9851 | G3: 9.62 | H3: 36.2959 | I3: https://gushitong.baidu.com/stock/ab-600809
A4: 水井坊 | B4: 600779 | C4: 食品饮料-白酒-白酒Ⅲ | D4: 必选消费 | E4: 31.01 | F4: 151.44087 | G4: 7.8 | H4: 85.2078 | I4: https://gushitong.baidu.com/stock/ab-600779
A5: 贵州茅台 | B5: 600519 | C5: 食品饮料-白酒-白酒Ⅲ | D5: 必选消费 | E5: 1266.9 | F5: 15914.77 | G5: 7.6 | H5: 1.3797 | I5: https://gushitong.baidu.com/stock/ab-600519
A6: 公牛集团 | B6: 603195 | C6: 轻工制造-家居用品-其他家居用品 | D6: 必选消费 | E6: 64.56 | F6: 830.53963 | G6: 7.05 | H6: 2.9084 | I6: https://gushitong.baidu.com/stock/ab-603195
A7: 迎驾贡酒 | B7: 603198 | C7: 食品饮料-白酒-白酒Ⅲ | D7: 必选消费 | E7: 49 | F7: 392 | G7: 6.98 | H7: 4.5374 | I7: https://gushitong.baidu.com/stock/ab-603198
A8: 泸州老窖 | B8: 000568 | C8: 食品饮料-白酒-白酒Ⅲ | D8: 必选消费 | E8: 100.02 | F8: 1467.4343 | G8: 6.96 | H8: 1.6021 | I8: https://gushitong.baidu.com/stock/ab-000568
A9: 海天味业 | B9: 603288 | C9: 食品饮料-食品加工制造-调味发酵品 | D9: 必选消费 | E9: 36.14 | F9: 2009.601 | G9: 6.47 | H9: 3.0191 | I9: https://gushitong.baidu.com/stock/ab-603288
A10: 舍得酒业 | B10: 600702 | C10: 食品饮料-白酒-白酒Ⅲ | D10: 必选消费 | E10: 40.18 | F10: 133.5059 | G10: 5.88 | H10: 6.5729 | I10: https://gushitong.baidu.com/stock/ab-600702
A11: 五粮液 | B11: 000858 | C11: 食品饮料-白酒-白酒Ⅲ | D11: 必选消费 | E11: 107.69 | F11: 4180.0152 | G11: 5.86 | H11: 6.1573 | I11: https://gushitong.baidu.com/stock/ab-000858
A12: 今世缘 | B12: 603369 | C12: 食品饮料-白酒-白酒Ⅲ | D12: 必选消费 | E12: 36.06 | F12: 452.3727 | G12: 5.61 | H12: 6.2853 | I12: https://gushitong.baidu.com/stock/ab-603369
A13: 口子窖 | B13: 603589 | C13: 食品饮料-白酒-白酒Ⅲ | D13: 必选消费 | E13: 34.8 | F13: 208.14558 | G13: 5.55 | H13: 1.5514 | I13: https://gushitong.baidu.com/stock/ab-603589
... A33: 新希望 | B33: 000876 | C33: 农林牧渔-农产品加工-畜禽饲料 | D33: 必选消费 | E33: 8.27 | F33: 373.07538 | G33: -0.18 | H33: 6.1707 | I33: https://gushitong.baidu.com/stock/ab-000876

Sheet List
A1: 信息技术 | B1: 工业
A2: 医疗 | B2: 金融
A3: 金融 | B3: 信息技术
A4: 公共事业 | B4: 原材料
A5: 可选消费 | B5: 公共事业
A6: 工业 | B6: 必选消费
A7: 原材料 | B7: 医疗
A8: 必选消费 | B8: 可选消费
A9: 房地产 | B9: 房地产
A10: 电信服务 | B10: 能源
A11: 能源/新能源 | B11: 电信服务
