Workbook

Sheet China Index ROIC
A1: 证券简称 | B1: 证券代码 | C1: ROIC中位数 | D1: ROIC方差 | E1: 行业
A2: 贵州茅台 | B2: 600519 | C2: 7.6 | D2: 1.3797 | E2: 食品饮料-白酒-白酒Ⅲ
A3: 中国石油 | B3: 601857 | C3: 1.64 | D3: 1.0373 | E3: 石油石化-石油加工贸易-石油加工
A4: 宁德时代 | B4: 300750 | C4: 3.01 | D4: 1.5585 | E4: 电力设备-电池-锂电池
A5: 中国石化 | B5: 600028 | C5: 1.4 | D5: 1.616 | E5: 石油石化-石油加工贸易-石油加工
A6: 比亚迪 | B6: 002594 | C6: 1.4 | D6: 4.2731 | E6: 汽车-汽车整车-乘用车
A7: 中国神华 | B7: 601088 | C7: 3.09 | D7: 0.7672 | E7: 煤炭-煤炭开采加工-煤炭开采
A8: 长江电力 | B8: 600900 | C8: 1.43 | D8: 1.0126 | E8: 公用事业-电力-水电
A9: 中国电信 | B9: 601728 | C9: 1.39 | D9: 0.4669 | E9: 通信-通信服务-电信运营商
A10: 五粮液 | B10: 000858 | C10: 5.86 | D10: 6.1573 | E10: 食品饮料-白酒-白酒Ⅲ
A11: 美的集团 | B11: 000333 | C11: 3.78 | D11: 0.9086 | E11: 家用电器-白色家电-空调
A12: 工业富联 | B12: 601138 | C12: 2.52 | D12: 2.4569 | E12: 电子-消费电子-消费电子零部件及组装
A13: 紫金矿业 | B13: 601899 | C13: 2.09 | D13: 0.5921 | E13: 有色金属-工业金属-铜
... A4082: 美之高 | B4082: 834765 | C4082: 1.91 | D4082: 6.6158 | E4082: 轻工制造-家居用品-成品家居

Sheet MSCI中国成分股
A1: 股票代码 | B1: 股票简称
A2: 688303 | B2: 大全能源
A3: 002939 | B3: 长城证券
A4: 601118 | B4: 海南橡胶
A5: 601000 | B5: 唐山港
A6: 600066 | B6: 宇通客车
A7: 002459 | B7: 晶澳科技
A8: 603259 | B8: 药明康德
A9: 601838 | B9: 成都银行
A10: 600000 | B10: 浦发银行
A11: 002463 | B11: 沪电股份
A12: 601766 | B12: 中国中车
... A560: 688235 | B560: 百济神州-U

Sheet 过滤
A1: 证券简称 | B1: 证券代码 | C1: ROIC中位数 | D1: ROIC方差 | E1: 行业 | F1: 是否MSCI
A2: 重庆啤酒 | B2: 600132 | C2: 20.64 | D2: 138.1721 | E2: 食品饮料-饮料制造-啤酒 | F2: =VLOOKUP(B2,MSCI中国成分股!A:B,1,) -> 600132
A3: 山西汾酒 | B3: 600809 | C3: 9.62 | D3: 36.2959 | E3: 食品饮料-白酒-白酒Ⅲ | F3: =VLOOKUP(B3,MSCI中国成分股!A:B,1,) -> 600809
A4: 万泰生物 | B4: 603392 | C4: 9.16 | D4: 48.5245 | E4: 医药生物-生物制品-疫苗 | F4: =VLOOKUP(B4,MSCI中国成分股!A:B,1,) -> 603392
A5: 迈瑞医疗 | B5: 300760 | C5: 9.04 | D5: 4.9761 | E5: 医药生物-医疗器械-医疗设备 | F5: =VLOOKUP(B5,MSCI中国成分股!A:B,1,) -> 300760
A6: 水井坊 | B6: 600779 | C6: 7.8 | D6: 85.2078 | E6: 食品饮料-白酒-白酒Ⅲ | F6: =VLOOKUP(B6,MSCI中国成分股!A:B,1,) -> 600779
A7: 智飞生物 | B7: 300122 | C7: 7.66 | D7: 38.8521 | E7: 医药生物-生物制品-疫苗 | F7: =VLOOKUP(B7,MSCI中国成分股!A:B,1,) -> 300122
A8: 大全能源 | B8: 688303 | C8: 7.62 | D8: 54.3253 | E8: 电力设备-光伏设备-硅料硅片 | F8: =VLOOKUP(B8,MSCI中国成分股!A:B,1,) -> 688303
A9: 中国电信 | B9: 601728 | C9: 1.39 | D9: 0.4669 | E9: 通信-通信服务-电信运营商 | F9: =VLOOKUP(B9,MSCI中国成分股!A:B,1,) -> #N/A
A10: 贵州茅台 | B10: 600519 | C10: 7.6 | D10: 1.3797 | E10: 食品饮料-白酒-白酒Ⅲ | F10: =VLOOKUP(B10,MSCI中国成分股!A:B,1,) -> 600519
A11: 健帆生物 | B11: 300529 | C11: 7.43 | D11: 10.219 | E11: 医药生物-医疗器械-医疗耗材 | F11: =VLOOKUP(B11,MSCI中国成分股!A:B,1,) -> 300529
A12: 亿联网络 | B12: 300628 | C12: 7.29 | D12: 1.8425 | E12: 通信-通信设备-通信终端及配件 | F12: =VLOOKUP(B12,MSCI中国成分股!A:B,1,) -> 300628
A13: 伟星新材 | B13: 002372 | C13: 7.28 | D13: 9.3327 | E13: 建筑材料-建筑材料-管材 | F13: =VLOOKUP(B13,MSCI中国成分股!A:B,1,) -> 002372
... A4082: 美之高 | B4082: 834765 | C4082: 1.91 | D4082: 6.6158 | E4082: 轻工制造-家居用品-成品家居 | F4082: =VLOOKUP(B4082,MSCI中国成分股!A:B,1,) -> #N/A

Sheet MSCI最终筛选标的
A1: 证券简称 | B1: 证券代码 | C1: ROIC中位数 | D1: ROIC方差 | E1: 行业
A2: 贵州茅台 | B2: 600519 | C2: 7.6 | D2: 1.3797 | E2: 食品饮料-白酒-白酒Ⅲ
A3: 亿联网络 | B3: 300628 | C3: 7.29 | D3: 1.8425 | E3: 通信-通信设备-通信终端及配件
A4: 泸州老窖 | B4: 000568 | C4: 6.96 | D4: 1.6021 | E4: 食品饮料-白酒-白酒Ⅲ
A5: 法拉电子 | B5: 600563 | C5: 5.92 | D5: 1.2579 | E5: 电子-元件-被动元件
A6: 片仔癀 | B6: 600436 | C6: 5.86 | D6: 2.0427 | E6: 医药生物-中药-中药Ⅲ
A7: 口子窖 | B7: 603589 | C7: 5.55 | D7: 1.5514 | E7: 食品饮料-白酒-白酒Ⅲ
A8: 新产业 | B8: 300832 | C8: 5.445 | D8: 1.5009 | E8: 医药生物-医疗器械-体外诊断
A9: 宝信软件 | B9: 600845 | C9: 5.25 | D9: 0.6881 | E9: 计算机-IT服务-IT服务Ⅲ
A10: 晨光股份 | B10: 603899 | C10: 5.24 | D10: 2.1007 | E10: 轻工制造-家居用品-文娱用品
A11: 珀莱雅 | B11: 603605 | C11: 5.03 | D11: 2.235 | E11: 美容护理-美容护理-化妆品
A12: 汇川技术 | B12: 300124 | C12: 4.96 | D12: 1.6424 | E12: 机械设备-自动化设备-工控设备
A13: 济川药业 | B13: 600566 | C13: 4.86 | D13: 0.855 | E13: 医药生物-中药-中药Ⅲ
... A119: 时代电气 | B119: 688187 | C119: 1.99 | D119: 0.634 | E119: 机械设备-轨交设备-轨交设备Ⅲ
